,False Positive Rate,True Positive Rate,Threshhold
0,0.0,0.0,1.9811511049577302
1,0.0,0.0015267175572519084,0.9811511049577303
2,0.0,0.024427480916030534,0.9621015538898353
3,0.0007102272727272727,0.024427480916030534,0.9598180196455863
4,0.0007102272727272727,0.02900763358778626,0.956438494789299
5,0.001065340909090909,0.02900763358778626,0.9547503917481854
6,0.001065340909090909,0.0366412213740458,0.9489528206454421
7,0.0014204545454545455,0.0366412213740458,0.94675415028668
8,0.0014204545454545455,0.03969465648854962,0.9446817439723244
9,0.0017755681818181818,0.03969465648854962,0.9402162324283696
10,0.0017755681818181818,0.04885496183206107,0.9352042179677167
11,0.0024857954545454545,0.04885496183206107,0.934896772836355
12,0.0024857954545454545,0.050381679389312976,0.9333945552977111
13,0.002840909090909091,0.050381679389312976,0.9328283812078273
14,0.002840909090909091,0.05343511450381679,0.9280713025254733
15,0.0031960227272727275,0.05343511450381679,0.927443541371468
16,0.0031960227272727275,0.0549618320610687,0.9268112360841169
17,0.004261363636363636,0.0549618320610687,0.9231817154674287
18,0.004261363636363636,0.05648854961832061,0.9226929031414468
19,0.004616477272727273,0.05648854961832061,0.92261589116638
20,0.004616477272727273,0.06412213740458016,0.9186489912115107
21,0.005326704545454545,0.06412213740458016,0.9138901383320834
22,0.005326704545454545,0.07480916030534351,0.9062225955551576
23,0.005681818181818182,0.07480916030534351,0.9059737955424654
24,0.005681818181818182,0.08091603053435115,0.8970122405026117
25,0.006036931818181818,0.08091603053435115,0.8967548932393692
26,0.006036931818181818,0.08244274809160305,0.8965951265298912
27,0.006392045454545455,0.08244274809160305,0.8945893599392072
28,0.006392045454545455,0.0900763358778626,0.8907796359960383
29,0.007102272727272727,0.0900763358778626,0.8883726845081023
30,0.007102272727272727,0.09312977099236641,0.887514650664972
31,0.007457386363636364,0.09312977099236641,0.8870250293783654
32,0.007457386363636364,0.09465648854961832,0.8861350796753834
33,0.008522727272727272,0.09465648854961832,0.8822544755377538
34,0.008522727272727272,0.09618320610687023,0.8795708925476582
35,0.00887784090909091,0.09618320610687023,0.8763308529101259
36,0.00887784090909091,0.10381679389312977,0.8707096373249423
37,0.009232954545454546,0.10381679389312977,0.8697245167611819
38,0.009232954545454546,0.10687022900763359,0.8691043588903011
39,0.009588068181818182,0.10687022900763359,0.8656331298729513
40,0.009588068181818182,0.1083969465648855,0.8639933494081163
41,0.009943181818181818,0.1083969465648855,0.8639767987810444
42,0.009943181818181818,0.11297709923664122,0.8604833754600535
43,0.010298295454545454,0.11297709923664122,0.8602801706241692
44,0.010298295454545454,0.11908396946564885,0.8581678293024436
45,0.011008522727272728,0.11908396946564885,0.8572527504204449
46,0.011008522727272728,0.12061068702290076,0.8565158222291216
47,0.012073863636363636,0.12061068702290076,0.8553217170890459
48,0.012073863636363636,0.1282442748091603,0.8540009479572706
49,0.01278409090909091,0.1282442748091603,0.8522152089693246
50,0.01278409090909091,0.13129770992366413,0.8506377446546701
51,0.013849431818181818,0.13129770992366413,0.8488307331033191
52,0.013849431818181818,0.13435114503816795,0.8458668798328168
53,0.01455965909090909,0.13435114503816795,0.8444474725044591
54,0.01455965909090909,0.13587786259541984,0.8439014385086337
55,0.016690340909090908,0.13587786259541984,0.8386057618223317
56,0.016690340909090908,0.1465648854961832,0.8336966641053065
57,0.018465909090909092,0.1465648854961832,0.8321614573884621
58,0.018465909090909092,0.14961832061068703,0.8313343688484331
59,0.018821022727272728,0.14961832061068703,0.8310017355625625
60,0.018821022727272728,0.15725190839694655,0.8292850182591408
61,0.019176136363636364,0.15725190839694655,0.8292493228468841
62,0.019176136363636364,0.1618320610687023,0.8271923968139508
63,0.01953125,0.1618320610687023,0.8243396182494327
64,0.01953125,0.1633587786259542,0.8243138792083137
65,0.019886363636363636,0.1633587786259542,0.8231225055897228
66,0.019886363636363636,0.1648854961832061,0.8229951756136267
67,0.020596590909090908,0.1648854961832061,0.8228151430070568
68,0.020596590909090908,0.17099236641221374,0.8182831422032973
69,0.020951704545454544,0.17099236641221374,0.8182274628063682
70,0.020951704545454544,0.17404580152671756,0.817521000265432
71,0.02130681818181818,0.17404580152671756,0.8174626688548504
72,0.02130681818181818,0.17709923664122137,0.8165764128303002
73,0.022727272727272728,0.17709923664122137,0.8155855794148256
74,0.022727272727272728,0.17862595419847327,0.8154122228433647
75,0.024857954545454544,0.17862595419847327,0.8108017479525489
76,0.024857954545454544,0.1801526717557252,0.8103192015615684
77,0.02521306818181818,0.1801526717557252,0.8101096397355422
78,0.02521306818181818,0.18167938931297709,0.8100397959992973
79,0.025923295454545456,0.18167938931297709,0.8073639525409286
80,0.025923295454545456,0.183206106870229,0.8072883542298733
81,0.026633522727272728,0.183206106870229,0.8057777521423839
82,0.026633522727272728,0.18625954198473282,0.8043574591143249
83,0.02734375,0.18625954198473282,0.8033920360097849
84,0.02734375,0.19236641221374046,0.8029636780381808
85,0.028053977272727272,0.19236641221374046,0.8018067163137276
86,0.028053977272727272,0.19389312977099238,0.8017449761873797
87,0.028409090909090908,0.19389312977099238,0.8015463906722171
88,0.028409090909090908,0.2015267175572519,0.7955154243485872
89,0.02911931818181818,0.2015267175572519,0.794276358603909
90,0.02911931818181818,0.20305343511450383,0.7937536949323658
91,0.029829545454545456,0.20305343511450383,0.792977479119502
92,0.029829545454545456,0.20610687022900764,0.7923919642841653
93,0.030184659090909092,0.20610687022900764,0.791840579853169
94,0.030184659090909092,0.20763358778625954,0.7914594347620717
95,0.03125,0.20763358778625954,0.7857637285371102
96,0.03125,0.21068702290076335,0.7840432884788915
97,0.03196022727272727,0.21068702290076335,0.7832891079968701
98,0.03196022727272727,0.21221374045801528,0.7817983887263973
99,0.03231534090909091,0.21221374045801528,0.7815763250465386
100,0.03231534090909091,0.216793893129771,0.7807111255888983
101,0.032670454545454544,0.216793893129771,0.7803953793670191
102,0.032670454545454544,0.2183206106870229,0.7802818786008855
103,0.033735795454545456,0.2183206106870229,0.7782488155858042
104,0.033735795454545456,0.22137404580152673,0.7778736350512043
105,0.03444602272727273,0.22137404580152673,0.777475885607364
106,0.03444602272727273,0.22442748091603054,0.7756078497209912
107,0.03586647727272727,0.22442748091603054,0.7743457364948504
108,0.03586647727272727,0.22595419847328244,0.7742642240840881
109,0.03870738636363636,0.22595419847328244,0.7700244502917634
110,0.03870738636363636,0.22900763358778625,0.769529624073705
111,0.0390625,0.22900763358778625,0.7688808010584177
112,0.0390625,0.23206106870229007,0.7676024098336431
113,0.04012784090909091,0.23206106870229007,0.7665014767228436
114,0.04012784090909091,0.23511450381679388,0.765101543187444
115,0.040838068181818184,0.23511450381679388,0.7644037696827493
116,0.040838068181818184,0.2366412213740458,0.7640315490118841
117,0.041193181818181816,0.2366412213740458,0.7615021957552556
118,0.041193181818181816,0.23969465648854962,0.7609714838730568
119,0.04403409090909091,0.23969465648854962,0.7553884540057302
120,0.04403409090909091,0.24427480916030533,0.7537073097102233
121,0.044744318181818184,0.24427480916030533,0.7530262962658819
122,0.044744318181818184,0.24580152671755726,0.7525660377119175
123,0.045454545454545456,0.24580152671755726,0.7523318266169678
124,0.045454545454545456,0.250381679389313,0.751011696551177
125,0.04580965909090909,0.250381679389313,0.7509494953845215
126,0.04580965909090909,0.25190839694656486,0.7506042724599822
127,0.049360795454545456,0.25190839694656486,0.7426182951571707
128,0.049360795454545456,0.2534351145038168,0.7422892030686308
129,0.05113636363636364,0.2534351145038168,0.7400184777732391
130,0.05113636363636364,0.2549618320610687,0.7398864031290772
131,0.05149147727272727,0.2549618320610687,0.7396340400499559
132,0.05149147727272727,0.2564885496183206,0.7396117995308995
133,0.05433238636363636,0.2564885496183206,0.7374744918538052
134,0.05433238636363636,0.2580152671755725,0.7371332000876808
135,0.0546875,0.2580152671755725,0.7365972689250104
136,0.0546875,0.26106870229007634,0.7349024275775928
137,0.05504261363636364,0.26106870229007634,0.7348911589757187
138,0.05504261363636364,0.26259541984732826,0.734210734995458
139,0.05539772727272727,0.26259541984732826,0.7337199967813081
140,0.05539772727272727,0.2641221374045801,0.7332493224322658
141,0.056107954545454544,0.2641221374045801,0.7326477048422875
142,0.056107954545454544,0.26564885496183205,0.7315064632246648
143,0.05752840909090909,0.26564885496183205,0.7300559537423509
144,0.05752840909090909,0.26717557251908397,0.729979086025717
145,0.05823863636363636,0.26717557251908397,0.7277238671640839
146,0.05823863636363636,0.2687022900763359,0.7270510278775636
147,0.05859375,0.2687022900763359,0.7269357082095941
148,0.05859375,0.2717557251908397,0.7260997938718728
149,0.05894886363636364,0.2717557251908397,0.7260630734870959
150,0.05894886363636364,0.2732824427480916,0.7256462606188311
151,0.05965909090909091,0.2732824427480916,0.7253259888200388
152,0.05965909090909091,0.2748091603053435,0.7252799295231275
153,0.06356534090909091,0.2748091603053435,0.7204464755318513
154,0.06356534090909091,0.27633587786259545,0.7198814296178284
155,0.06463068181818182,0.27633587786259545,0.7193524017855677
156,0.06463068181818182,0.2778625954198473,0.7192289105022518
157,0.06498579545454546,0.2778625954198473,0.719091167139612
158,0.06498579545454546,0.27938931297709924,0.718339876918032
159,0.06534090909090909,0.27938931297709924,0.7180459095388205
160,0.06534090909090909,0.28091603053435116,0.7179548899441502
161,0.06640625,0.28091603053435116,0.7171325765771054
162,0.06640625,0.2870229007633588,0.7163347357042934
163,0.06711647727272728,0.2870229007633588,0.7154944121359111
164,0.06711647727272728,0.2885496183206107,0.7154368411413021
165,0.06853693181818182,0.2885496183206107,0.7138116312539088
166,0.06853693181818182,0.2916030534351145,0.7137211417649677
167,0.06995738636363637,0.2916030534351145,0.7114865459802783
168,0.06995738636363637,0.2931297709923664,0.7100239845242556
169,0.07137784090909091,0.2931297709923664,0.7092308386723163
170,0.07137784090909091,0.29465648854961835,0.709189822851206
171,0.07173295454545454,0.29465648854961835,0.7088752917017157
172,0.07173295454545454,0.2961832061068702,0.7078817957678442
173,0.07208806818181818,0.2961832061068702,0.7078674465803519
174,0.07208806818181818,0.29770992366412213,0.7077960516963369
175,0.07279829545454546,0.29770992366412213,0.707529801426924
176,0.07279829545454546,0.30229007633587784,0.7066303378777734
177,0.07315340909090909,0.30229007633587784,0.7062003433432097
178,0.07315340909090909,0.3053435114503817,0.7060440527921613
179,0.07350852272727272,0.3053435114503817,0.7057116637029831
180,0.07350852272727272,0.3068702290076336,0.7047940438768093
181,0.07386363636363637,0.3068702290076336,0.7045228262529366
182,0.07386363636363637,0.3083969465648855,0.704370827723663
183,0.07634943181818182,0.3083969465648855,0.7029125393550156
184,0.07634943181818182,0.3099236641221374,0.7028658630159315
185,0.07670454545454546,0.3099236641221374,0.7026075861318722
186,0.07670454545454546,0.31297709923664124,0.701677819905413
187,0.07741477272727272,0.31297709923664124,0.7007347709585948
188,0.07741477272727272,0.3145038167938931,0.7002935143293488
189,0.07919034090909091,0.3145038167938931,0.6994927674127933
190,0.07919034090909091,0.31603053435114503,0.6993978905599743
191,0.08061079545454546,0.31603053435114503,0.6986106761716586
192,0.08061079545454546,0.3190839694656489,0.6980985328463137
193,0.08167613636363637,0.3190839694656489,0.6977613195272377
194,0.08167613636363637,0.32213740458015266,0.6974191797084308
195,0.08203125,0.32213740458015266,0.6971734914098732
196,0.08203125,0.3236641221374046,0.6971623107949971
197,0.08238636363636363,0.3236641221374046,0.6970921940151774
198,0.08238636363636363,0.3251908396946565,0.6955260579468167
199,0.08274147727272728,0.3251908396946565,0.6953750483197473
200,0.08274147727272728,0.3267175572519084,0.695050867277621
201,0.08380681818181818,0.3267175572519084,0.6944706227670231
202,0.08380681818181818,0.332824427480916,0.6937043725549327
203,0.08416193181818182,0.332824427480916,0.6932703582653487
204,0.08416193181818182,0.3374045801526718,0.6922909285832608
205,0.08487215909090909,0.3374045801526718,0.6912469672522379
206,0.08487215909090909,0.33893129770992364,0.6912019072952429
207,0.08735795454545454,0.33893129770992364,0.6899741061354816
208,0.08735795454545454,0.34045801526717556,0.6899552785272433
209,0.08913352272727272,0.34045801526717556,0.689305973062876
210,0.08913352272727272,0.3419847328244275,0.6885663672219559
211,0.09161931818181818,0.3419847328244275,0.6871106112158537
212,0.09161931818181818,0.3480916030534351,0.68597681343772
213,0.09339488636363637,0.3480916030534351,0.6843168740637658
214,0.09339488636363637,0.34961832061068704,0.6837095261611402
215,0.09481534090909091,0.34961832061068704,0.681924081270726
216,0.09481534090909091,0.3511450381679389,0.681749317318784
217,0.09659090909090909,0.3511450381679389,0.6797896151259153
218,0.09659090909090909,0.3526717557251908,0.6789182087096756
219,0.09801136363636363,0.3526717557251908,0.6783349739448388
220,0.09801136363636363,0.35725190839694654,0.6774318451649566
221,0.09872159090909091,0.35725190839694654,0.6768676873275099
222,0.09872159090909091,0.35877862595419846,0.6754791388013228
223,0.09943181818181818,0.35877862595419846,0.6748138495007504
224,0.09943181818181818,0.3603053435114504,0.6735171065267054
225,0.1015625,0.3603053435114504,0.6718477053649421
226,0.1015625,0.36335877862595417,0.6708938182042876
227,0.10333806818181818,0.36335877862595417,0.6701029805808978
228,0.10333806818181818,0.3648854961832061,0.6700394440802708
229,0.10369318181818182,0.3648854961832061,0.6698847238232978
230,0.10369318181818182,0.36793893129770994,0.6696586429739309
231,0.10440340909090909,0.36793893129770994,0.6688763552253025
232,0.10440340909090909,0.3755725190839695,0.6672690269396059
233,0.10475852272727272,0.3755725190839695,0.6671454644021872
234,0.10475852272727272,0.37709923664122136,0.6662492462433227
235,0.10546875,0.37709923664122136,0.6662136766394037
236,0.10546875,0.3786259541984733,0.6658078536333294
237,0.10582386363636363,0.3786259541984733,0.6652292525630837
238,0.10582386363636363,0.3816793893129771,0.6647076774907021
239,0.10653409090909091,0.3816793893129771,0.6642682126642618
240,0.10653409090909091,0.3847328244274809,0.6641477320232338
241,0.10724431818181818,0.3847328244274809,0.6633675766428385
242,0.10724431818181818,0.38625954198473283,0.6629157876749374
243,0.10759943181818182,0.38625954198473283,0.6621196017404053
244,0.10759943181818182,0.38778625954198476,0.6620369430657166
245,0.10795454545454546,0.38778625954198476,0.6606306924576422
246,0.10795454545454546,0.39236641221374047,0.6595471831973085
247,0.11150568181818182,0.39236641221374047,0.6567068323485168
248,0.11150568181818182,0.3938931297709924,0.6562757864501588
249,0.11257102272727272,0.3938931297709924,0.6554006932648645
250,0.11257102272727272,0.3969465648854962,0.65463292078582
251,0.11328125,0.3969465648854962,0.6543497495477361
252,0.11328125,0.3984732824427481,0.6543330780526478
253,0.11363636363636363,0.3984732824427481,0.6540057832673676
254,0.11363636363636363,0.4030534351145038,0.6535883635448143
255,0.11434659090909091,0.4030534351145038,0.652866501688908
256,0.11434659090909091,0.40458015267175573,0.6524614594665731
257,0.11683238636363637,0.40458015267175573,0.6507835261269145
258,0.11683238636363637,0.4076335877862595,0.6502503611826664
259,0.11825284090909091,0.4076335877862595,0.6494569214709693
260,0.11825284090909091,0.4122137404580153,0.6484564653449494
261,0.12038352272727272,0.4122137404580153,0.6465644674852881
262,0.12038352272727272,0.41374045801526715,0.646159468496181
263,0.12109375,0.41374045801526715,0.6457222764401581
264,0.12109375,0.4152671755725191,0.6456836223319303
265,0.12144886363636363,0.4152671755725191,0.6452816530539766
266,0.12144886363636363,0.416793893129771,0.6452684374778649
267,0.12286931818181818,0.416793893129771,0.6446235792850411
268,0.12286931818181818,0.4183206106870229,0.6442457569605852
269,0.12322443181818182,0.4183206106870229,0.6439963476355132
270,0.12322443181818182,0.4213740458015267,0.6434802246685434
271,0.12464488636363637,0.4213740458015267,0.6418308210379351
272,0.12464488636363637,0.42442748091603055,0.6409277922037704
273,0.125,0.42442748091603055,0.640691744558682
274,0.125,0.4259541984732824,0.6405693407259546
275,0.12748579545454544,0.4259541984732824,0.63876389882211
276,0.12748579545454544,0.42748091603053434,0.6386187022894301
277,0.1278409090909091,0.42748091603053434,0.6384343125819499
278,0.1278409090909091,0.42900763358778626,0.6382555659490372
279,0.12926136363636365,0.42900763358778626,0.6365791800486481
280,0.12926136363636365,0.4305343511450382,0.6365525384112687
281,0.12961647727272727,0.4305343511450382,0.6365065012997124
282,0.12961647727272727,0.43206106870229005,0.636495188213211
283,0.13032670454545456,0.43206106870229005,0.6364234937801181
284,0.13032670454545456,0.433587786259542,0.6360401075990721
285,0.13210227272727273,0.433587786259542,0.6346754842297689
286,0.13210227272727273,0.4351145038167939,0.634555196646883
287,0.13245738636363635,0.4351145038167939,0.6343151961236608
288,0.13245738636363635,0.4366412213740458,0.6341515553990112
289,0.13352272727272727,0.4366412213740458,0.6337310903088652
290,0.13352272727272727,0.4381679389312977,0.6335200623258654
291,0.13529829545454544,0.4381679389312977,0.6329425630026794
292,0.13529829545454544,0.4396946564885496,0.6328696643763548
293,0.13671875,0.4396946564885496,0.6322224677767938
294,0.13671875,0.44122137404580153,0.6318974030801794
295,0.13707386363636365,0.44122137404580153,0.6318940995195639
296,0.13707386363636365,0.44274809160305345,0.6316076305179321
297,0.13849431818181818,0.44274809160305345,0.631360038682993
298,0.13849431818181818,0.4442748091603053,0.630992721981792
299,0.13920454545454544,0.4442748091603053,0.6305180054409275
300,0.13920454545454544,0.4488549618320611,0.6293912389349898
301,0.14204545454545456,0.4488549618320611,0.6265557841451415
302,0.14204545454545456,0.4549618320610687,0.625832947317435
303,0.14382102272727273,0.4549618320610687,0.6250812869658512
304,0.14382102272727273,0.45648854961832064,0.6249500029375991
305,0.14488636363636365,0.45648854961832064,0.6246528617625035
306,0.14488636363636365,0.4580152671755725,0.6242968252426837
307,0.14772727272727273,0.4580152671755725,0.6229739518459282
308,0.14772727272727273,0.4595419847328244,0.622302688503943
309,0.14808238636363635,0.4595419847328244,0.6221289750317119
310,0.14808238636363635,0.46106870229007635,0.6213689167247154
311,0.15198863636363635,0.46106870229007635,0.6190217405705633
312,0.15198863636363635,0.46259541984732827,0.618434749298019
313,0.15305397727272727,0.46259541984732827,0.6176451587044356
314,0.15305397727272727,0.46412213740458014,0.6175101396493361
315,0.1551846590909091,0.46412213740458014,0.614791905906454
316,0.1551846590909091,0.46564885496183206,0.6147774488156242
317,0.15696022727272727,0.46564885496183206,0.6136159677231252
318,0.15696022727272727,0.467175572519084,0.6129000994366443
319,0.16051136363636365,0.467175572519084,0.6109920534315809
320,0.16051136363636365,0.4687022900763359,0.6109073548479567
321,0.16335227272727273,0.4687022900763359,0.6094662982462796
322,0.16335227272727273,0.47022900763358777,0.6090593979263857
323,0.1669034090909091,0.47022900763358777,0.6062390159986689
324,0.1669034090909091,0.4717557251908397,0.6060724351440221
325,0.16796875,0.4717557251908397,0.6054577538427645
326,0.16796875,0.4732824427480916,0.6053934105979392
327,0.1690340909090909,0.4732824427480916,0.6051718787458041
328,0.1690340909090909,0.47480916030534354,0.6048479727380033
329,0.16974431818181818,0.47480916030534354,0.6039516883611422
330,0.16974431818181818,0.4763358778625954,0.6037732224658001
331,0.17791193181818182,0.4763358778625954,0.5999406790068523
332,0.17791193181818182,0.4778625954198473,0.5998878536205751
333,0.1786221590909091,0.4778625954198473,0.5996508953656409
334,0.1786221590909091,0.47938931297709925,0.5993547473120413
335,0.17897727272727273,0.47938931297709925,0.5990866076960301
336,0.17897727272727273,0.48091603053435117,0.5989715394711903
337,0.18004261363636365,0.48091603053435117,0.5985276674916061
338,0.18004261363636365,0.48244274809160304,0.5984332913997813
339,0.1807528409090909,0.48244274809160304,0.598395547026863
340,0.1807528409090909,0.48396946564885496,0.5983302120511432
341,0.18110795454545456,0.48396946564885496,0.5982544954874386
342,0.18110795454545456,0.4870229007633588,0.5980914032721864
343,0.18217329545454544,0.4870229007633588,0.5969195610957257
344,0.18217329545454544,0.48854961832061067,0.596894276915461
345,0.18394886363636365,0.48854961832061067,0.5963065490905889
346,0.18394886363636365,0.4900763358778626,0.5962326578049201
347,0.18501420454545456,0.4900763358778626,0.5960331745005316
348,0.18501420454545456,0.4916030534351145,0.5956055009874213
349,0.18607954545454544,0.4916030534351145,0.5953076575088446
350,0.18607954545454544,0.49312977099236643,0.5947301085345368
351,0.18714488636363635,0.49312977099236643,0.594496157342334
352,0.18714488636363635,0.4961832061068702,0.5937250163243818
353,0.18892045454545456,0.4961832061068702,0.5919363365818588
354,0.18892045454545456,0.49770992366412214,0.5914862716495382
355,0.19176136363636365,0.49770992366412214,0.589672640040484
356,0.19176136363636365,0.49923664122137407,0.5894863543622171
357,0.19460227272727273,0.49923664122137407,0.5879436599647149
358,0.19460227272727273,0.500763358778626,0.5879186100076869
359,0.19957386363636365,0.500763358778626,0.5851145053608865
360,0.19957386363636365,0.5022900763358779,0.585070660051603
361,0.2020596590909091,0.5022900763358779,0.583852532461896
362,0.2020596590909091,0.5038167938931297,0.5832928098413053
363,0.20241477272727273,0.5038167938931297,0.5832439137597396
364,0.20241477272727273,0.5053435114503817,0.5827390200981155
365,0.2080965909090909,0.5053435114503817,0.5795793767415026
366,0.2080965909090909,0.5068702290076336,0.5795569745187089
367,0.2098721590909091,0.5068702290076336,0.5784835692539402
368,0.2098721590909091,0.5114503816793893,0.578097598752319
369,0.2109375,0.5114503816793893,0.57788799518313
370,0.2109375,0.5129770992366413,0.5778801975085318
371,0.21129261363636365,0.5129770992366413,0.5775239103467161
372,0.21129261363636365,0.5145038167938931,0.5774961445005329
373,0.21164772727272727,0.5145038167938931,0.5773701165790504
374,0.21164772727272727,0.516030534351145,0.5773001966975692
375,0.21413352272727273,0.516030534351145,0.5762974021446184
376,0.21413352272727273,0.517557251908397,0.5754853422814823
377,0.21448863636363635,0.517557251908397,0.5754633268410696
378,0.21448863636363635,0.5190839694656488,0.5754048359388365
379,0.21803977272727273,0.5190839694656488,0.5738734031642979
380,0.21803977272727273,0.5221374045801527,0.5730829828097677
381,0.22052556818181818,0.5221374045801527,0.5717614229831487
382,0.22052556818181818,0.5236641221374045,0.5716953733182979
383,0.22230113636363635,0.5236641221374045,0.5698343844393078
384,0.22230113636363635,0.5267175572519084,0.5697125417391258
385,0.22478693181818182,0.5267175572519084,0.56824256332343
386,0.22478693181818182,0.5282442748091603,0.5681516402661416
387,0.22585227272727273,0.5282442748091603,0.5674414404090851
388,0.22585227272727273,0.5297709923664122,0.5673522898352805
389,0.22620738636363635,0.5297709923664122,0.5669480010297449
390,0.22620738636363635,0.5312977099236641,0.5667446236041872
391,0.2276278409090909,0.5312977099236641,0.5655739744270448
392,0.2276278409090909,0.5328244274809161,0.5655034863849434
393,0.22798295454545456,0.5328244274809161,0.5654300913817709
394,0.22798295454545456,0.5343511450381679,0.5653351088597031
395,0.22869318181818182,0.5343511450381679,0.5644885354994751
396,0.22869318181818182,0.5358778625954198,0.5643659536077172
397,0.2294034090909091,0.5358778625954198,0.5640879636517303
398,0.2294034090909091,0.5419847328244275,0.5631503854836859
399,0.22975852272727273,0.5419847328244275,0.5631386971614508
400,0.22975852272727273,0.5435114503816794,0.5628162056805085
401,0.23117897727272727,0.5435114503816794,0.5619962231154523
402,0.23117897727272727,0.5450381679389313,0.5619275405565793
403,0.2315340909090909,0.5450381679389313,0.5618956331666876
404,0.2315340909090909,0.549618320610687,0.5616303240475324
405,0.23224431818181818,0.549618320610687,0.5608886869629672
406,0.23224431818181818,0.5511450381679389,0.5606815210709322
407,0.2333096590909091,0.5511450381679389,0.5603410298798019
408,0.2333096590909091,0.5541984732824428,0.5594237856663187
409,0.23508522727272727,0.5541984732824428,0.5588388821909132
410,0.23508522727272727,0.5557251908396946,0.5588315959941972
411,0.23650568181818182,0.5557251908396946,0.5575185727410418
412,0.23650568181818182,0.5572519083969466,0.5574018329432356
413,0.23686079545454544,0.5572519083969466,0.5571560933570894
414,0.23686079545454544,0.5618320610687023,0.5561753643475532
415,0.23899147727272727,0.5618320610687023,0.5552096446733855
416,0.23899147727272727,0.5648854961832062,0.5550156810506135
417,0.2393465909090909,0.5648854961832062,0.5550045708302367
418,0.2393465909090909,0.566412213740458,0.5547961702697307
419,0.24147727272727273,0.566412213740458,0.5535505433230835
420,0.24147727272727273,0.5679389312977099,0.5533402945283173
421,0.24254261363636365,0.5679389312977099,0.5529832169801417
422,0.24254261363636365,0.5694656488549619,0.5526693877338319
423,0.24289772727272727,0.5694656488549619,0.5525639039180763
424,0.24289772727272727,0.5709923664122137,0.5523922967238541
425,0.24431818181818182,0.5709923664122137,0.5517151684092934
426,0.24431818181818182,0.5725190839694656,0.5514840590299844
427,0.24538352272727273,0.5725190839694656,0.5511513202055384
428,0.24538352272727273,0.5755725190839694,0.5508252483896745
429,0.24609375,0.5755725190839694,0.5503649477237113
430,0.24609375,0.5770992366412214,0.5502972027682655
431,0.24680397727272727,0.5770992366412214,0.5501508377720851
432,0.24680397727272727,0.5786259541984733,0.5500625652938875
433,0.24751420454545456,0.5786259541984733,0.5496979226758565
434,0.24751420454545456,0.5801526717557252,0.5496833743815446
435,0.24786931818181818,0.5801526717557252,0.5496754374804222
436,0.24786931818181818,0.5816793893129771,0.5492420027516959
437,0.24857954545454544,0.5816793893129771,0.5488676751015669
438,0.24857954545454544,0.583206106870229,0.5488277196184861
439,0.2517755681818182,0.583206106870229,0.5475425570486204
440,0.2517755681818182,0.5847328244274809,0.5472763331267496
441,0.25426136363636365,0.5847328244274809,0.545988036218174
442,0.25426136363636365,0.5862595419847328,0.5457677730371027
443,0.2567471590909091,0.5862595419847328,0.5446238275777152
444,0.2567471590909091,0.5877862595419847,0.5445121040155563
445,0.2595880681818182,0.5877862595419847,0.5434097856231506
446,0.2595880681818182,0.5893129770992367,0.5433975892513346
447,0.2599431818181818,0.5893129770992367,0.5433886053024594
448,0.2599431818181818,0.5908396946564886,0.5433516696258953
449,0.2610085227272727,0.5908396946564886,0.5429995720522716
450,0.2610085227272727,0.5923664122137404,0.5426850237103459
451,0.26136363636363635,0.5923664122137404,0.5426339647177295
452,0.26136363636363635,0.5954198473282443,0.542579069620133
453,0.2624289772727273,0.5954198473282443,0.5415251062132388
454,0.2624289772727273,0.5969465648854961,0.5414577973835921
455,0.2634943181818182,0.5969465648854961,0.5406983644590566
456,0.2634943181818182,0.601526717557252,0.540505251689165
457,0.2645596590909091,0.601526717557252,0.5401172873874304
458,0.2645596590909091,0.6061068702290077,0.5394442402103251
459,0.26704545454545453,0.6061068702290077,0.5388281696908999
460,0.26704545454545453,0.6076335877862595,0.5386519336264441
461,0.2674005681818182,0.6076335877862595,0.538644525361737
462,0.2674005681818182,0.6091603053435114,0.5386116912493276
463,0.26988636363636365,0.6091603053435114,0.536972574970131
464,0.26988636363636365,0.6122137404580152,0.5360995135792866
465,0.2752130681818182,0.6122137404580152,0.5326283279325368
466,0.2752130681818182,0.616793893129771,0.5322512973416966
467,0.2766335227272727,0.616793893129771,0.5311997387241966
468,0.2766335227272727,0.6183206106870229,0.5311012783799282
469,0.27734375,0.6183206106870229,0.5308939293209122
470,0.27734375,0.6198473282442748,0.530877449740495
471,0.2780539772727273,0.6198473282442748,0.5307238898576302
472,0.2780539772727273,0.6229007633587786,0.5306111081247226
473,0.28125,0.6229007633587786,0.5295990096778577
474,0.28125,0.6244274809160305,0.5295184112992426
475,0.2830255681818182,0.6244274809160305,0.5286663638018472
476,0.2830255681818182,0.6274809160305344,0.5283125729850159
477,0.2844460227272727,0.6274809160305344,0.5271464266271438
478,0.2844460227272727,0.6290076335877862,0.5271168704190315
479,0.28941761363636365,0.6290076335877862,0.5253995505011168
480,0.28941761363636365,0.6320610687022901,0.5252101855791492
481,0.2897727272727273,0.6320610687022901,0.5250424773261781
482,0.2897727272727273,0.6366412213740458,0.5246713209240506
483,0.2908380681818182,0.6366412213740458,0.5245194899449706
484,0.2908380681818182,0.6396946564885496,0.52424064549285
485,0.29261363636363635,0.6396946564885496,0.523369132303663
486,0.29261363636363635,0.6412213740458015,0.5231632213115717
487,0.29296875,0.6412213740458015,0.5231001780324737
488,0.29296875,0.6427480916030535,0.5226648168459181
489,0.2936789772727273,0.6427480916030535,0.5221046193759792
490,0.2936789772727273,0.6442748091603053,0.5218419532343381
491,0.2940340909090909,0.6442748091603053,0.5217567826063988
492,0.2940340909090909,0.6458015267175573,0.5217460974070549
493,0.29545454545454547,0.6458015267175573,0.5213967759619255
494,0.29545454545454547,0.6473282442748092,0.5213678080417421
495,0.29936079545454547,0.6473282442748092,0.5191760304771739
496,0.29936079545454547,0.648854961832061,0.5189030202258946
497,0.30220170454545453,0.648854961832061,0.5179147839205929
498,0.30220170454545453,0.650381679389313,0.5178458802567899
499,0.3036221590909091,0.650381679389313,0.5174383156846034
500,0.3036221590909091,0.6519083969465649,0.5174065300978493
501,0.30859375,0.6519083969465649,0.515105909228422
502,0.30859375,0.6534351145038167,0.5147080651797978
503,0.31285511363636365,0.6534351145038167,0.5113821237517172
504,0.31285511363636365,0.6549618320610687,0.5111151288659381
505,0.3135653409090909,0.6549618320610687,0.5108016880604535
506,0.3135653409090909,0.6564885496183206,0.510488269562463
507,0.3156960227272727,0.6564885496183206,0.5100150758015423
508,0.3156960227272727,0.6580152671755726,0.5099359994419046
509,0.31676136363636365,0.6580152671755726,0.5091942712799461
510,0.31676136363636365,0.6595419847328244,0.509110127344053
511,0.3174715909090909,0.6595419847328244,0.5086729353927343
512,0.3174715909090909,0.6610687022900763,0.5086047700859334
513,0.31782670454545453,0.6610687022900763,0.5079411926656725
514,0.31782670454545453,0.6625954198473283,0.5077758506744581
515,0.3181818181818182,0.6625954198473283,0.5076920857380343
516,0.3181818181818182,0.6641221374045801,0.5075340892664532
517,0.3196022727272727,0.6641221374045801,0.5071078565337896
518,0.3196022727272727,0.667175572519084,0.5066779200149739
519,0.3220880681818182,0.667175572519084,0.5047574003945904
520,0.3220880681818182,0.6702290076335878,0.5043365483193161
521,0.3224431818181818,0.6702290076335878,0.504332678389316
522,0.3224431818181818,0.6732824427480916,0.5037852754066906
523,0.32279829545454547,0.6732824427480916,0.5037625462541833
524,0.32279829545454547,0.6748091603053435,0.5035958915827027
525,0.32954545454545453,0.6748091603053435,0.4996015735634516
526,0.32954545454545453,0.6778625954198473,0.49944950939117255
527,0.3327414772727273,0.6778625954198473,0.4978963588806352
528,0.3327414772727273,0.6793893129770993,0.49765410646261676
529,0.3359375,0.6793893129770993,0.49578916791601485
530,0.3359375,0.6809160305343511,0.4957172085169635
531,0.3377130681818182,0.6809160305343511,0.49522607257090767
532,0.3377130681818182,0.6824427480916031,0.4950040257766473
533,0.34126420454545453,0.6824427480916031,0.4935475002619896
534,0.34126420454545453,0.683969465648855,0.49329573653908815
535,0.3416193181818182,0.683969465648855,0.4929253748175575
536,0.3416193181818182,0.6854961832061068,0.49291457722255066
537,0.34232954545454547,0.6854961832061068,0.49281237201769734
538,0.34232954545454547,0.6870229007633588,0.4925164439421151
539,0.3504971590909091,0.6870229007633588,0.48799896706425977
540,0.3504971590909091,0.6885496183206107,0.4877030784477613
541,0.3533380681818182,0.6885496183206107,0.4869457512086656
542,0.3533380681818182,0.6900763358778625,0.4867714352262802
543,0.35404829545454547,0.6900763358778625,0.4866745572718929
544,0.35404829545454547,0.6916030534351145,0.4865798971260097
545,0.35546875,0.6916030534351145,0.48494568089941853
546,0.35546875,0.6931297709923664,0.4846684045875834
547,0.3565340909090909,0.6931297709923664,0.4836031046577813
548,0.3565340909090909,0.6961832061068702,0.48337109490289254
549,0.36079545454545453,0.6961832061068702,0.48128937092956897
550,0.36079545454545453,0.6992366412213741,0.48091848704805096
551,0.36186079545454547,0.6992366412213741,0.4803696731486673
552,0.36186079545454547,0.7007633587786259,0.48030183564356466
553,0.36363636363636365,0.7007633587786259,0.47982848259396144
554,0.36363636363636365,0.7022900763358778,0.4796857109908363
555,0.3767755681818182,0.7022900763358778,0.4737736384066246
556,0.3767755681818182,0.7053435114503817,0.4736140755730549
557,0.3796164772727273,0.7053435114503817,0.4717495914318316
558,0.3796164772727273,0.7099236641221374,0.4715315502111121
559,0.3799715909090909,0.7099236641221374,0.47152770376873177
560,0.3799715909090909,0.7114503816793893,0.47147492274942665
561,0.3806818181818182,0.7114503816793893,0.470996307767039
562,0.3806818181818182,0.7129770992366412,0.47083903673759336
563,0.3849431818181818,0.7129770992366412,0.4690186346912246
564,0.3849431818181818,0.7145038167938931,0.4689688674005078
565,0.38529829545454547,0.7145038167938931,0.46885030849694087
566,0.38529829545454547,0.716030534351145,0.4687088855896979
567,0.3877840909090909,0.716030534351145,0.46780599260769073
568,0.3877840909090909,0.7175572519083969,0.46760020716027495
569,0.3888494318181818,0.7175572519083969,0.4672270209115762
570,0.3888494318181818,0.7206106870229008,0.4668275560572637
571,0.39026988636363635,0.7206106870229008,0.46604626281348216
572,0.39026988636363635,0.7236641221374046,0.46488782177228877
573,0.3916903409090909,0.7236641221374046,0.4639142612601769
574,0.3916903409090909,0.7251908396946565,0.4636025933257059
575,0.3938210227272727,0.7251908396946565,0.46318020031521523
576,0.3938210227272727,0.7267175572519083,0.4631460360575526
577,0.39417613636363635,0.7267175572519083,0.4630428740357107
578,0.39417613636363635,0.7282442748091603,0.46266724438046397
579,0.3977272727272727,0.7282442748091603,0.4613530565266406
580,0.3977272727272727,0.7297709923664122,0.46107388592630694
581,0.3995028409090909,0.7297709923664122,0.4597457060827736
582,0.3995028409090909,0.7312977099236642,0.4594276771731731
583,0.40092329545454547,0.7312977099236642,0.45880419445422876
584,0.40092329545454547,0.732824427480916,0.4587865101782813
585,0.4069602272727273,0.732824427480916,0.4560463410496832
586,0.4069602272727273,0.7343511450381679,0.4558323325920404
587,0.40767045454545453,0.7343511450381679,0.4555110337035742
588,0.40767045454545453,0.7358778625954199,0.4551847126596075
589,0.40980113636363635,0.7358778625954199,0.4539768817981159
590,0.40980113636363635,0.7374045801526717,0.4538157881012443
591,0.4112215909090909,0.7374045801526717,0.45310226327949576
592,0.4112215909090909,0.7389312977099237,0.4527642833840807
593,0.4122869318181818,0.7389312977099237,0.45245115918058315
594,0.4122869318181818,0.7404580152671756,0.4523362291110135
595,0.4133522727272727,0.7404580152671756,0.45164247996925994
596,0.4133522727272727,0.7419847328244275,0.4516415101941734
597,0.4151278409090909,0.7419847328244275,0.450726338437291
598,0.4151278409090909,0.7435114503816794,0.45070299564391825
599,0.4211647727272727,0.7435114503816794,0.44776707818681005
600,0.4211647727272727,0.7450381679389313,0.44767051673714464
601,0.4296875,0.7450381679389313,0.44340996116056675
602,0.4296875,0.7465648854961832,0.44333250405210495
603,0.43359375,0.7465648854961832,0.4414280747935859
604,0.43359375,0.7480916030534351,0.4412536828741175
605,0.4392755681818182,0.7480916030534351,0.4382459665307725
606,0.4392755681818182,0.749618320610687,0.4381676232776715
607,0.44140625,0.749618320610687,0.43769595635455677
608,0.44140625,0.751145038167939,0.43755011728175364
609,0.4421164772727273,0.751145038167939,0.43694703263342627
610,0.4421164772727273,0.7526717557251908,0.43689914185891776
611,0.4435369318181818,0.7526717557251908,0.4362181825948719
612,0.4435369318181818,0.7541984732824427,0.4361597520239616
613,0.4446022727272727,0.7541984732824427,0.435215948133891
614,0.4446022727272727,0.7557251908396947,0.4350938447126944
615,0.44566761363636365,0.7557251908396947,0.43381086127612956
616,0.44566761363636365,0.7572519083969466,0.4336669935912865
617,0.4474431818181818,0.7572519083969466,0.43305428697898196
618,0.4474431818181818,0.7587786259541984,0.4327230414041271
619,0.4499289772727273,0.7587786259541984,0.4314820402779753
620,0.4499289772727273,0.7603053435114504,0.4314496519410943
621,0.4520596590909091,0.7603053435114504,0.4310064656933538
622,0.4520596590909091,0.7618320610687023,0.4306161130951908
623,0.4549005681818182,0.7618320610687023,0.43000652603215056
624,0.4549005681818182,0.7633587786259542,0.4299223295457782
625,0.4552556818181818,0.7633587786259542,0.42948916690676714
626,0.4552556818181818,0.7648854961832061,0.42921362829614756
627,0.45951704545454547,0.7648854961832061,0.42709560244399397
628,0.45951704545454547,0.766412213740458,0.4268039544390673
629,0.4655539772727273,0.766412213740458,0.42492056924723676
630,0.4655539772727273,0.7694656488549618,0.42488212029628303
631,0.4666193181818182,0.7694656488549618,0.42418212460437704
632,0.4666193181818182,0.7709923664122137,0.42415662590015024
633,0.4708806818181818,0.7709923664122137,0.42198830514545144
634,0.4708806818181818,0.7725190839694657,0.42173807007291286
635,0.4715909090909091,0.7725190839694657,0.42084227821278497
636,0.4715909090909091,0.7740458015267175,0.42083563209109454
637,0.47620738636363635,0.7740458015267175,0.4193120367213113
638,0.47620738636363635,0.7755725190839695,0.41926673301774126
639,0.4865056818181818,0.7755725190839695,0.4145116319068857
640,0.4865056818181818,0.7786259541984732,0.41425698630477964
641,0.4872159090909091,0.7786259541984732,0.41385357275852097
642,0.4872159090909091,0.7801526717557252,0.41382922091707725
643,0.48792613636363635,0.7801526717557252,0.41347153723642793
644,0.48792613636363635,0.7816793893129771,0.4134456243262549
645,0.4911221590909091,0.7816793893129771,0.41217255279120524
646,0.4911221590909091,0.783206106870229,0.41199260554762274
647,0.50390625,0.783206106870229,0.4067935917658097
648,0.50390625,0.7847328244274809,0.40646630764115366
649,0.5042613636363636,0.7847328244274809,0.4061087748794545
650,0.5042613636363636,0.7862595419847328,0.40573334896010166
651,0.5046164772727273,0.7862595419847328,0.40546914193785405
652,0.5046164772727273,0.7877862595419848,0.40545712775754356
653,0.5078125,0.7877862595419848,0.4037981235471166
654,0.5078125,0.7893129770992366,0.403672062397188
655,0.5205965909090909,0.7893129770992366,0.3970796724100074
656,0.5205965909090909,0.7908396946564885,0.39673941650535277
657,0.5262784090909091,0.7908396946564885,0.394376941569812
658,0.5262784090909091,0.7923664122137405,0.3943749651750617
659,0.5308948863636364,0.7923664122137405,0.39209975873116415
660,0.5308948863636364,0.7938931297709924,0.3919893603140957
661,0.5379971590909091,0.7938931297709924,0.38885410796857334
662,0.5379971590909091,0.7954198473282442,0.38881556939146533
663,0.5404829545454546,0.7954198473282442,0.38775690759714654
664,0.5404829545454546,0.7969465648854962,0.3877439954178473
665,0.5408380681818182,0.7969465648854962,0.3874365353424467
666,0.5408380681818182,0.7984732824427481,0.3872765236620645
667,0.5465198863636364,0.7984732824427481,0.3854009106232636
668,0.5465198863636364,0.8,0.3852342994657013
669,0.5500710227272727,0.8,0.3834972447469586
670,0.5500710227272727,0.8030534351145038,0.3832946242467777
671,0.55078125,0.8030534351145038,0.3831975032640229
672,0.55078125,0.8061068702290076,0.38302297492483084
673,0.5511363636363636,0.8061068702290076,0.3828070711836746
674,0.5511363636363636,0.8076335877862595,0.38275339147714976
675,0.5514914772727273,0.8076335877862595,0.3825368928715978
676,0.5514914772727273,0.8091603053435115,0.3824981207883313
677,0.5518465909090909,0.8091603053435115,0.38242326158064976
678,0.5518465909090909,0.8106870229007633,0.38228472300110833
679,0.5593039772727273,0.8106870229007633,0.3790018191621883
680,0.5593039772727273,0.8122137404580153,0.37885167481684506
681,0.5617897727272727,0.8122137404580153,0.37762314953988607
682,0.5617897727272727,0.8137404580152672,0.377344308871209
683,0.5621448863636364,0.8137404580152672,0.37730377554829364
684,0.5621448863636364,0.815267175572519,0.37722873920802574
685,0.5646306818181818,0.815267175572519,0.37619055714284383
686,0.5646306818181818,0.816793893129771,0.3760420820758612
687,0.56640625,0.816793893129771,0.3754963385890567
688,0.56640625,0.8183206106870229,0.37518072276549563
689,0.5720880681818182,0.8183206106870229,0.3726207169858721
690,0.5720880681818182,0.8198473282442749,0.37225964192705685
691,0.5749289772727273,0.8198473282442749,0.37129368744725155
692,0.5749289772727273,0.8229007633587786,0.37054719216896354
693,0.5756392045454546,0.8229007633587786,0.37042384573514564
694,0.5756392045454546,0.8244274809160306,0.3703376248486747
695,0.578125,0.8244274809160306,0.3693882057210905
696,0.578125,0.8259541984732824,0.3691234011042176
697,0.5852272727272727,0.8259541984732824,0.36546984645401287
698,0.5852272727272727,0.8274809160305343,0.3653737632533105
699,0.5859375,0.8274809160305343,0.3650714480562397
700,0.5859375,0.8290076335877863,0.3650433349450492
701,0.5862926136363636,0.8290076335877863,0.36501789034369286
702,0.5862926136363636,0.8320610687022901,0.36451692434721733
703,0.5884232954545454,0.8320610687022901,0.3633911245612806
704,0.5884232954545454,0.833587786259542,0.3633618504670414
705,0.5916193181818182,0.833587786259542,0.3618821945270888
706,0.5916193181818182,0.8366412213740458,0.36164624529294803
707,0.5919744318181818,0.8366412213740458,0.36152173592319836
708,0.5919744318181818,0.8381679389312977,0.36143840950201345
709,0.5955255681818182,0.8381679389312977,0.3591614414068622
710,0.5955255681818182,0.8396946564885496,0.3585674220010903
711,0.5969460227272727,0.8396946564885496,0.3579992044530393
712,0.5969460227272727,0.8412213740458016,0.3578014691006362
713,0.6026278409090909,0.8412213740458016,0.3543216370599038
714,0.6026278409090909,0.8458015267175573,0.353807364871541
715,0.6029829545454546,0.8458015267175573,0.3536186874001252
716,0.6029829545454546,0.8488549618320611,0.3530893710630156
717,0.6036931818181818,0.8488549618320611,0.35277819005654226
718,0.6036931818181818,0.850381679389313,0.35255308270047064
719,0.6068892045454546,0.850381679389313,0.35169795626544614
720,0.6068892045454546,0.8519083969465648,0.35166738336031034
721,0.6139914772727273,0.8519083969465648,0.3476304144742011
722,0.6139914772727273,0.8534351145038168,0.34741039806486046
723,0.6218039772727273,0.8534351145038168,0.3430023892041138
724,0.6218039772727273,0.8549618320610687,0.3425364953784267
725,0.6264204545454546,0.8549618320610687,0.3402876817160373
726,0.6264204545454546,0.8564885496183207,0.34020936043550865
727,0.6271306818181818,0.8564885496183207,0.3399283168672918
728,0.6271306818181818,0.8580152671755725,0.33971849218550165
729,0.6292613636363636,0.8580152671755725,0.33865495254701866
730,0.6292613636363636,0.8595419847328244,0.3385061136124973
731,0.6342329545454546,0.8595419847328244,0.334581918613832
732,0.6342329545454546,0.8610687022900764,0.33403169370334246
733,0.6363636363636364,0.8610687022900764,0.3326859957366001
734,0.6363636363636364,0.8625954198473282,0.33250747609757225
735,0.6392045454545454,0.8625954198473282,0.3314454971906243
736,0.6392045454545454,0.8641221374045801,0.331341823801962
737,0.6402698863636364,0.8641221374045801,0.33076839433162303
738,0.6402698863636364,0.8656488549618321,0.33050817418530615
739,0.6431107954545454,0.8656488549618321,0.32976080858068485
740,0.6431107954545454,0.867175572519084,0.32936492763990904
741,0.6441761363636364,0.867175572519084,0.328930861857109
742,0.6441761363636364,0.8687022900763359,0.3286507336531497
743,0.6548295454545454,0.8687022900763359,0.3237548451761656
744,0.6548295454545454,0.8702290076335878,0.323745343076714
745,0.6551846590909091,0.8702290076335878,0.32372045307773817
746,0.6551846590909091,0.8717557251908397,0.32345382510336923
747,0.6569602272727273,0.8717557251908397,0.32299423476207945
748,0.6569602272727273,0.8732824427480916,0.32296433034803806
749,0.6573153409090909,0.8732824427480916,0.3229372159104791
750,0.6573153409090909,0.8748091603053435,0.3223161380827261
751,0.6665482954545454,0.8748091603053435,0.31734363913818847
752,0.6665482954545454,0.8778625954198473,0.3168995485779414
753,0.6672585227272727,0.8778625954198473,0.3166015372991905
754,0.6672585227272727,0.8793893129770992,0.3165721093464998
755,0.6676136363636364,0.8793893129770992,0.316321484147704
756,0.6676136363636364,0.8809160305343512,0.316224294745698
757,0.6697443181818182,0.8809160305343512,0.3154169434556419
758,0.6697443181818182,0.8824427480916031,0.31521686735577464
759,0.6743607954545454,0.8824427480916031,0.3128359407716976
760,0.6743607954545454,0.8839694656488549,0.3126810844658682
761,0.6750710227272727,0.8839694656488549,0.31249803418738564
762,0.6750710227272727,0.8854961832061069,0.3124911391660973
763,0.6775568181818182,0.8854961832061069,0.31184483647906414
764,0.6775568181818182,0.8870229007633588,0.3118196418577802
765,0.6789772727272727,0.8870229007633588,0.3114486062777273
766,0.6789772727272727,0.8885496183206106,0.3114242830775511
767,0.6850142045454546,0.8885496183206106,0.3086000870421006
768,0.6850142045454546,0.8900763358778626,0.3085042120356035
769,0.6853693181818182,0.8900763358778626,0.3081205739897591
770,0.6853693181818182,0.8946564885496183,0.30795840570277155
771,0.6960227272727273,0.8946564885496183,0.3018553163730586
772,0.6960227272727273,0.8961832061068702,0.3018370383367587
773,0.6967329545454546,0.8961832061068702,0.30168663224519754
774,0.6967329545454546,0.8977099236641222,0.3014038695852695
775,0.6977982954545454,0.8977099236641222,0.30066392025005567
776,0.6977982954545454,0.899236641221374,0.3005761206450579
777,0.6985085227272727,0.899236641221374,0.3005255191743739
778,0.6985085227272727,0.9007633587786259,0.3004148004808783
779,0.69921875,0.9007633587786259,0.3001480104065543
780,0.69921875,0.9022900763358779,0.30008604396448835
781,0.6995738636363636,0.9022900763358779,0.29998060879360655
782,0.6995738636363636,0.9053435114503817,0.2998367851843977
783,0.7009943181818182,0.9053435114503817,0.29922407617318564
784,0.7009943181818182,0.9068702290076336,0.29915212922913065
785,0.7088068181818182,0.9068702290076336,0.2941654472858393
786,0.7088068181818182,0.9083969465648855,0.2940641306606966
787,0.7159090909090909,0.9083969465648855,0.2915004744843801
788,0.7159090909090909,0.9099236641221374,0.29134142270313945
789,0.71875,0.9099236641221374,0.290321882676808
790,0.71875,0.9114503816793893,0.29019063988589616
791,0.7208806818181818,0.9114503816793893,0.2888185468464123
792,0.7208806818181818,0.9129770992366413,0.28876310557793244
793,0.7258522727272727,0.9129770992366413,0.2873110595275893
794,0.7258522727272727,0.9145038167938931,0.28681291819019245
795,0.7361505681818182,0.9145038167938931,0.2787743431972882
796,0.7361505681818182,0.916030534351145,0.27846276231578865
797,0.7379261363636364,0.916030534351145,0.2774614957056837
798,0.7379261363636364,0.917557251908397,0.2773142281083841
799,0.7407670454545454,0.917557251908397,0.2758139887564895
800,0.7407670454545454,0.9190839694656489,0.2756673245132741
801,0.7471590909090909,0.9190839694656489,0.2732030359319743
802,0.7471590909090909,0.9206106870229007,0.27301366595033333
803,0.7492897727272727,0.9206106870229007,0.2717138633574922
804,0.7492897727272727,0.9221374045801527,0.27166259652889363
805,0.75,0.9221374045801527,0.27073161204570356
806,0.75,0.9236641221374046,0.27068214298765647
807,0.7510653409090909,0.9236641221374046,0.2704596993542353
808,0.7510653409090909,0.9251908396946565,0.2702303135711521
809,0.7563920454545454,0.9251908396946565,0.26697334075363915
810,0.7563920454545454,0.9267175572519084,0.2664160012217235
811,0.7599431818181818,0.9267175572519084,0.2641388106916213
812,0.7599431818181818,0.9297709923664123,0.26325453421135503
813,0.7638494318181818,0.9297709923664123,0.26143588491857805
814,0.7638494318181818,0.9312977099236641,0.2612530409290059
815,0.7645596590909091,0.9312977099236641,0.260848464892245
816,0.7645596590909091,0.932824427480916,0.2607716551233973
817,0.7659801136363636,0.932824427480916,0.2593269715947596
818,0.7659801136363636,0.934351145038168,0.2592222253415214
819,0.7702414772727273,0.934351145038168,0.25559431086257794
820,0.7702414772727273,0.9358778625954198,0.25546414557955294
821,0.7716619318181818,0.9358778625954198,0.25411947518074507
822,0.7716619318181818,0.9374045801526718,0.2538838661509348
823,0.7737926136363636,0.9374045801526718,0.2525990988393176
824,0.7737926136363636,0.9389312977099237,0.25246859559242163
825,0.7752130681818182,0.9389312977099237,0.25154300654248746
826,0.7752130681818182,0.9419847328244275,0.25069041948035486
827,0.7876420454545454,0.9419847328244275,0.24328586730171184
828,0.7876420454545454,0.9450381679389313,0.24279806937444048
829,0.7908380681818182,0.9450381679389313,0.2408527165518671
830,0.7908380681818182,0.9465648854961832,0.24071651702829047
831,0.7915482954545454,0.9465648854961832,0.2403307988175757
832,0.7915482954545454,0.9480916030534351,0.24016814409162737
833,0.7943892045454546,0.9480916030534351,0.23864900230131078
834,0.7943892045454546,0.9496183206106871,0.23843896532065845
835,0.80078125,0.9496183206106871,0.23495909146653657
836,0.80078125,0.9511450381679389,0.23492585464513743
837,0.8114346590909091,0.9511450381679389,0.22765615916932447
838,0.8114346590909091,0.9526717557251908,0.22699491240905184
839,0.8125,0.9526717557251908,0.22541681938169952
840,0.8125,0.9541984732824428,0.22526702065261697
841,0.8153409090909091,0.9541984732824428,0.224005192865595
842,0.8153409090909091,0.9557251908396946,0.22400399267459775
843,0.8220880681818182,0.9557251908396946,0.21803047229881967
844,0.8220880681818182,0.9572519083969465,0.21777584200546096
845,0.8330965909090909,0.9572519083969465,0.21005578451483828
846,0.8330965909090909,0.9587786259541985,0.20939926099451803
847,0.8433948863636364,0.9587786259541985,0.20046463924545738
848,0.8433948863636364,0.9603053435114504,0.1997595426258062
849,0.8458806818181818,0.9603053435114504,0.1977824519025124
850,0.8458806818181818,0.9618320610687023,0.19769727142955318
851,0.8519176136363636,0.9618320610687023,0.19073862339844758
852,0.8519176136363636,0.9633587786259542,0.19058038594998902
853,0.8661221590909091,0.9633587786259542,0.17774392595189367
854,0.8661221590909091,0.9648854961832061,0.1772345086367974
855,0.8707386363636364,0.9648854961832061,0.1740258706306844
856,0.8707386363636364,0.966412213740458,0.1729478582365824
857,0.8746448863636364,0.966412213740458,0.16833661892140356
858,0.8746448863636364,0.9679389312977099,0.1681056579647094
859,0.8757102272727273,0.9679389312977099,0.1650523658473829
860,0.8757102272727273,0.9709923664122138,0.16470976138857618
861,0.8760653409090909,0.9709923664122138,0.16463804569665935
862,0.8760653409090909,0.9725190839694656,0.16454801449245748
863,0.8824573863636364,0.9725190839694656,0.1583929102746578
864,0.8824573863636364,0.9740458015267176,0.15739982905108182
865,0.8870738636363636,0.9740458015267176,0.1500909988611184
866,0.8870738636363636,0.9755725190839695,0.1487090896021631
867,0.8963068181818182,0.9755725190839695,0.1360569702819366
868,0.8963068181818182,0.9770992366412213,0.13565011506725513
869,0.9016335227272727,0.9770992366412213,0.13094937230168727
870,0.9016335227272727,0.9786259541984733,0.1302424143348346
871,0.9041193181818182,0.9786259541984733,0.12805325885634744
872,0.9041193181818182,0.9801526717557252,0.12794604517222263
873,0.9090909090909091,0.9801526717557252,0.12358337861763063
874,0.9090909090909091,0.981679389312977,0.12346713116655535
875,0.9140625,0.981679389312977,0.11942997379885703
876,0.9140625,0.983206106870229,0.11824953785710289
877,0.9236505681818182,0.983206106870229,0.10790203976402436
878,0.9236505681818182,0.9847328244274809,0.10774057789995388
879,0.9243607954545454,0.9847328244274809,0.10746781791977993
880,0.9243607954545454,0.9862595419847329,0.10696783018243362
881,0.9264914772727273,0.9862595419847329,0.10567146860517443
882,0.9264914772727273,0.9877862595419847,0.10547694092247302
883,0.9328835227272727,0.9877862595419847,0.09922732299166566
884,0.9328835227272727,0.9893129770992366,0.09905794611185605
885,0.9520596590909091,0.9893129770992366,0.0814329595712546
886,0.9520596590909091,0.9908396946564886,0.0814113625572056
887,0.953125,0.9908396946564886,0.08061170955339798
888,0.953125,0.9923664122137404,0.07985922102304915
889,0.9573863636363636,0.9923664122137404,0.07492183333781202
890,0.9573863636363636,0.9938931297709923,0.07471746963873971
891,0.9666193181818182,0.9938931297709923,0.06789618760836313
892,0.9666193181818182,0.9954198473282443,0.06788374570730933
893,0.96875,0.9954198473282443,0.06698638548567724
894,0.96875,0.9969465648854962,0.06694058080745781
895,0.9751420454545454,0.9969465648854962,0.06268555405567457
896,0.9751420454545454,0.9984732824427481,0.06246463227173523
897,0.9875710227272727,0.9984732824427481,0.04955154724627209
898,0.9875710227272727,1.0,0.049179438541385005
899,1.0,1.0,0.01787258264115875
